Day,Top 50 Arrivals BOPs
731,381 2360 1534 1450 1768 533 697 516 2165 1832 575 1431 535 721 1378 1199 2236 899 1743 348 1722 1034 2277 816 1214 698 863 1308 882 1369 1259 194 2292 480 358 2260 808 1480 2241 1766 1417 2029 416 1128 1144 272 13 386 725 417
732,381 2360 1450 1534 533 1768 516 697 1378 348 721 575 2165 1431 1199 899 1832 535 1743 1722 2236 816 2277 698 1034 1214 2260 1369 1308 1259 863 480 2292 358 882 194 808 1480 2241 2029 416 1128 1417 272 1144 1766 725 417 386 13
733,1450 2360 381 535 516 697 1534 533 1768 575 899 2165 1722 1199 721 1431 1743 1378 2277 348 1832 698 816 863 1214 1369 2260 2236 358 1034 386 2292 1128 1144 2029 1259 1308 480 882 194 808 272 2241 1480 1041 201 416 417 725 1647
734,381 1450 2360 1534 697 516 1768 1199 533 2165 1378 1832 1722 721 575 698 899 535 2236 1431 863 2277 1743 816 1369 348 1034 1214 2241 1144 2292 1259 882 194 2029 808 1308 2260 416 1647 1480 272 725 417 1296 386 480 1417 13 643
735,381 2360 1450 1534 533 1768 516 575 1199 2165 697 1832 1722 535 899 721 1378 1743 2277 348 1034 1214 698 863 2260 882 1308 2292 816 358 2029 2236 1369 1259 1431 194 2241 416 808 386 1480 480 725 914 1128 1766 417 643 1417 1144
736,381 2360 1450 1534 533 1768 516 575 1199 2165 697 1722 1832 721 899 535 1743 1378 2277 698 1034 348 1214 816 863 2260 2292 1308 882 2236 386 416 1259 1369 194 2029 808 1431 2241 358 914 725 480 1128 1480 643 1417 1766 417 13
737,381 2360 1450 1534 1768 533 516 575 2165 721 1199 535 1722 697 899 1743 1832 1378 863 1034 1214 2260 386 2277 416 2292 348 1431 816 2236 1259 882 194 1369 358 698 808 2029 1308 1480 2241 480 725 643 13 1128 1417 1144 201 1296
738,381 1534 2360 1450 533 1768 575 516 721 2165 1199 535 1722 899 697 1034 1378 1743 2029 1832 386 863 2260 1214 1369 2277 2292 348 358 882 416 1431 2236 816 1259 194 1308 808 698 201 1480 480 725 643 13 1128 2241 1695 1417 1041
739,381 2360 1450 1768 516 533 1199 535 1743 2165 1534 1722 899 575 721 194 1259 863 1214 882 1034 348 1308 1378 697 2292 2029 1480 386 816 358 2236 808 1128 2260 480 1431 1369 201 1832 416 2277 725 13 1041 1296 1417 698 643 1741
740,381 2360 882 194 533 1259 1450 1534 516 1034 1768 2165 899 575 1199 535 1722 721 1214 863 348 1308 1743 2029 697 2292 1378 1431 1369 386 816 808 2236 480 358 416 1128 1480 2260 1296 1555 1832 201 1041 13 1417 725 417 643 698
741,381 2360 194 1450 882 1259 1534 516 1034 899 2165 863 721 1722 1214 533 575 348 1768 535 1199 2029 1743 1369 480 1378 386 2292 416 697 808 2260 1128 1296 2236 358 1308 1041 201 726 1555 1480 13 2241 1431 417 643 725 1832 565
742,381 2360 1450 882 516 575 2165 1034 863 721 1534 899 194 1259 1214 533 1722 1768 535 2029 348 1743 1369 1199 1378 2292 416 480 1128 808 1296 565 2236 2260 358 726 2468 1308 13 1555 1041 201 386 417 1480 2241 1431 725 1832 697
743,2360 381 1450 575 2165 721 516 882 533 863 1534 899 1034 1259 1214 194 1722 2029 565 1768 2292 348 697 1369 1199 535 808 1128 416 1743 480 1296 1378 2236 816 2260 726 1308 2468 201 358 386 1480 13 300 725 2241 1555 1431 70
744,381 2360 516 1450 575 721 2165 533 863 1259 1534 194 1214 565 899 1722 1034 882 697 1199 2029 480 1369 1768 816 2292 348 1743 535 1128 1296 416 808 2236 2260 2468 386 201 1308 1480 300 358 726 13 1041 725 2241 1555 2008 643
745,2360 381 575 1450 516 721 2165 565 863 1534 1259 194 697 882 1214 899 533 1722 1199 1034 2029 480 1369 348 416 1768 816 1128 535 2468 1743 2292 1308 2236 808 386 70 201 358 2260 1041 2008 2241 726 300 103 1555 13 1695 684
746,565 381 2360 2165 1450 1259 721 516 194 1034 863 882 2029 1534 1214 1722 697 533 2468 575 899 1369 416 1199 480 348 816 535 841 1743 2292 1768 1308 1128 1555 2236 386 2008 70 103 2241 255 201 13 808 684 300 643 1296 2356
747,1034 2165 2360 1259 1450 381 533 721 516 565 863 1534 882 194 1369 2029 1214 1722 697 1555 1199 416 910 535 2468 2008 2292 816 841 70 1308 575 2236 13 103 1768 899 684 643 808 1695 2241 1296 1480 201 1431 2026 2277 1832 386
748,2360 381 2165 1259 721 863 516 1534 1450 1034 194 882 565 2029 1722 533 1214 1369 1199 697 2292 910 416 808 1555 1308 2236 535 1832 255 816 643 2008 575 1768 386 899 201 13 329 684 2468 841 2241 2277 70 358 103 1743 1564
749,381 2165 2360 721 882 1450 516 1259 1722 194 863 2029 1534 1214 565 1369 697 416 2292 533 1199 816 808 2468 1555 1034 2236 255 1308 910 2008 899 13 1768 684 643 535 386 1695 480 575 1743 103 300 1832 201 1630 1296 348 1134
750,381 2165 2360 1450 721 882 1722 516 863 1259 2029 1214 194 1534 416 1369 697 565 2292 1199 2008 808 816 2468 910 1034 2236 1555 533 255 899 329 643 13 1832 1308 684 2277 650 575 841 535 1564 1695 1296 725 1134 300 348 1743
751,2165 2360 2029 1722 381 721 1450 516 863 1259 1214 882 2008 1369 2292 565 416 1199 697 1534 808 643 816 13 2468 1034 2236 910 1555 194 255 1832 329 1564 533 417 2026 1134 899 684 575 841 1128 1296 1308 2277 300 725 1695 535
752,2165 2029 2360 1722 721 1450 863 516 381 1214 416 1369 2008 565 2292 643 697 808 1199 816 13 2468 2026 329 1034 910 194 882 1564 1555 2236 1259 725 417 1134 1695 1832 1534 533 914 1417 480 1296 575 899 2277 2260 841 684 1342
753,2165 1722 721 2360 2029 1450 1369 863 516 1214 381 416 2008 565 2292 1199 643 13 808 697 2468 2026 910 1034 1564 1259 194 329 882 816 2236 725 1555 103 417 1534 1134 1417 1431 899 684 914 1695 535 1296 1832 1342 2277 841 2260
754,2165 1722 721 2029 2360 1450 516 863 1214 1369 416 2008 2292 381 565 13 643 2468 1534 808 1199 910 697 1832 194 882 2026 1555 1259 1034 329 2236 816 1564 417 575 535 1431 684 899 725 1296 1695 103 841 1134 348 1342 1743 2260
755,2165 1722 2029 721 2360 516 1450 1214 1369 416 2008 863 2292 381 643 882 13 2468 1259 1534 565 1034 194 2026 910 808 2236 1199 697 1832 1555 329 417 575 1564 725 1296 899 535 841 1431 684 1766 1342 1695 1698 2277 1743 1134 1576
756,2165 1722 2360 2029 721 1450 516 381 1214 1369 2008 416 863 2292 643 1034 882 2468 1259 13 565 910 1534 194 2026 329 2236 1199 841 808 1555 1695 1564 417 725 1296 575 1698 1342 1832 684 697 1766 1630 480 1431 816 1417 1134 2260
757,2165 1722 2029 721 2360 516 1450 381 1214 416 1369 2008 643 2292 863 2468 882 194 13 1259 1534 1034 1199 910 565 2026 2236 329 1832 533 816 1695 725 841 1555 1564 1431 417 899 684 1296 1342 300 1766 575 1630 480 1134 1576 1417
758,2165 1722 2029 2360 516 1450 721 381 1214 2008 643 1369 863 2468 416 2292 13 882 1259 194 1534 1199 2236 565 533 2026 329 910 1564 725 1695 1034 1555 841 1342 1431 417 1417 1832 684 1630 575 1766 1144 1134 899 1296 535 2260 2277
759,2165 1722 2029 2360 1450 721 516 1214 381 643 2008 2468 13 2292 863 1369 416 882 2236 1199 1034 1259 725 329 1695 565 1564 2026 194 910 1342 1555 1768 1534 841 1431 533 1576 2260 914 1832 684 1417 1630 575 1296 1698 1134 2277 535
760,2165 1722 2029 2360 1450 516 721 1214 381 643 2468 2008 2292 863 13 1369 2236 1034 416 882 1199 1564 1431 194 1695 725 329 1534 899 910 1630 533 1555 1259 841 1342 1768 565 1134 684 1417 1832 2260 1576 2171 1296 575 2026 914 2241
